Dataset,Model,Baseline_F1,Augmented_F1,Improvement,Improvement_Pct,P_Value,Significant
CTGAN_Augmented,XGBoost,0.6075949367088608,0.7337278106508875,0.12613287394202677,20.759368836291905,8.111185769279485e-162,True
CTGAN_Augmented,RandomForest,0.4864864864864865,0.7329192546583851,0.24643276817189863,50.655624568668046,1.2317840083470438e-218,True
CTGAN_Augmented,LogisticRegression,0.14207650273224043,0.4198895027624309,0.2778130000301905,195.53761155971102,6.965253060895499e-229,True
VAE_Augmented,XGBoost,0.6075949367088608,0.6748466257668712,0.06725168905801038,11.068507157464207,2.8115865520441627e-110,True
VAE_Augmented,RandomForest,0.4864864864864865,0.5786163522012578,0.09212986571477133,18.93780573025855,1.054051074069908e-135,True
VAE_Augmented,LogisticRegression,0.14207650273224043,0.32421052631578945,0.18213402358354902,128.19433198380565,7.240763189012301e-193,True
Balanced_CTGAN,XGBoost,0.6075949367088608,0.8811881188118812,0.2735931821030204,45.028877887788774,1.4200813642630376e-227,True
Balanced_CTGAN,RandomForest,0.4864864864864865,0.8844221105527639,0.39793562406627736,81.79787828029033,1.1352601062794707e-259,True
Balanced_CTGAN,LogisticRegression,0.14207650273224043,0.8686868686868687,0.7266103659546284,511.42191142191155,2.2651265239874e-311,True
