{
  "V6": 0.1837875160989655,
  "V1": 0.06659766866526438,
  "V25": 0.0591927587832689,
  "V2": 0.05413892463228965,
  "V8": 0.04918276184337696,
  "V22": 0.044316171500824515,
  "V7": 0.04252784152190887,
  "V18": 0.041842569032988206,
  "V11": 0.010774476566383301,
  "V26": 0.008384492109391376,
  "V16": 0.005958967628760305,
  "V12": 0.004811982990968486,
  "V10": 0.004292276783499502,
  "Transaction_Amount": 0.0032352802019905286,
  "V15": 0.002572176990193392,
  "V23": 0.001024789092760332,
  "V4": -0.0004797563915856353,
  "V3": -0.0005045423736287607,
  "Time_of_Day": -0.0008506522151450984,
  "V14": -0.005267332449648272,
  "V9": -0.005321423566372767,
  "V28": -0.007392518638479671,
  "V20": -0.009079496009750136,
  "V27": -0.012403837912116933,
  "V17": -0.056442235308338834,
  "V5": -0.06632479731863593,
  "V13": -0.0763266002842497,
  "V24": -0.07735752958889931,
  "V21": -0.09286488327198507,
  "V19": -0.17168840871950342
}